location_name,month,precipitation,temperature
Colombo,9,4035.998,26.30073
Colombo,8,3246.5005,26.502304
Colombo,7,3037.401,26.744003
Colombo,6,4145.4004,26.937384
Colombo,5,5398.8022,27.285143
Colombo,4,2675.6992,27.515537
Colombo,3,1653.0997,27.441933
Colombo,2,1080.1,26.841742
Colombo,12,3027.4001,25.684788
Colombo,11,5267.7007,25.792143
Colombo,10,5353.5986,26.126728
Colombo,1,1275.4001,26.05893
Gampaha,1,1274.2997,26.0828
Gampaha,11,5124.5034,25.613567
Gampaha,12,2904.9983,25.579512
Gampaha,2,1111.6,27.011312
Gampaha,3,1759.8994,27.476131
Gampaha,4,2892.599,27.326647
Gampaha,5,5107.7007,26.988382
Gampaha,6,3992.4998,26.601397
Gampaha,7,3072.6,26.467728
Gampaha,8,3202.999,26.227411
Gampaha,9,4020.6982,26.019741
Gampaha,10,5465.2983,25.862434
Kalutara,9,3990.5005,26.2269
Kalutara,8,3128.3003,26.408754
Kalutara,7,3008.5986,26.628565
Kalutara,6,3945.502,26.831778
Kalutara,5,5445.7007,27.12561
Kalutara,4,2734.3,27.275108
Kalutara,3,1700.5001,27.13483
Kalutara,2,1168.1998,26.509203
Kalutara,12,2934.1006,25.688715
Kalutara,11,4996.398,25.77762
Kalutara,10,5228.8994,26.060825
Kalutara,1,1319.4996,25.869474
Kandy,1,1412.1,22.735691
Kandy,9,1815.4996,23.63047
Kandy,8,2020.2001,23.710604
Kandy,7,1752.2991,23.89354
Kandy,6,1637.0004,24.193455
Kandy,5,3023.3003,24.678703
Kandy,4,2846.402,25.233997
Kandy,3,1274.8995,24.977015
Kandy,2,1122.0,23.588669
Kandy,12,3215.9004,22.721428
Kandy,11,4457.5005,23.047386
Kandy,10,5275.9004,23.413836
Matale,9,2056.0996,24.834057
Matale,8,2111.2996,24.96129
Matale,7,1767.4995,25.098167
Matale,6,1735.9993,25.263788
Matale,5,3540.199,25.67547
Matale,4,3037.3977,26.230015
Matale,3,1084.3999,26.015047
Matale,2,1109.6001,24.403769
Matale,12,3137.0015,23.587103
Matale,11,4857.603,23.967148
Matale,10,5675.5996,24.492163
Matale,1,1624.4996,23.532682
Nuwara Eliya,9,3064.6985,16.57619
Nuwara Eliya,8,3129.5999,16.581799
Nuwara Eliya,7,2657.6013,16.722584
Nuwara Eliya,6,2215.6997,17.027102
Nuwara Eliya,5,4029.9006,17.606236
Nuwara Eliya,4,2848.4993,17.443111
Nuwara Eliya,2,1522.5995,16.262266
Nuwara Eliya,12,3693.3003,16.006218
Nuwara Eliya,11,4671.2017,16.307848
Nuwara Eliya,10,5717.399,16.471659
Nuwara Eliya,1,2087.9995,15.777205
Nuwara Eliya,3,1296.3999,17.018927
Galle,1,1748.0999,25.718506
Galle,8,3041.2012,26.468206
Galle,7,2703.3982,26.670969
Galle,6,3175.6997,26.914965
Galle,5,4955.898,27.201933
Galle,4,2582.4001,27.30689
Galle,3,1577.1997,27.046661
Galle,2,1614.4991,26.272879
Galle,12,3100.4004,25.813135
Galle,11,4888.9995,25.953815
Galle,10,4196.4,26.180405
Galle,9,3772.3,26.29738
Matara,9,3030.7983,26.391191
Matara,8,2153.9006,26.49355
Matara,7,1926.4998,26.70991
Matara,6,2208.7002,26.972898
Matara,5,3828.4985,27.340654
Matara,4,2116.0994,27.47845
Matara,3,1230.1998,27.215267
Matara,2,1111.1003,26.509922
Matara,12,2645.5012,26.016138
Matara,11,3928.8,26.159527
Matara,10,3505.102,26.32651
Matara,1,1347.7992,25.948376
Hambantota,10,2484.401,27.13294
Hambantota,11,3275.1008,26.336912
Hambantota,12,2550.6006,26.01405
Hambantota,2,914.9994,26.812489
Hambantota,3,967.9998,27.561062
Hambantota,4,1481.7003,27.98977
Hambantota,5,1609.3995,28.063454
Hambantota,6,491.6001,28.141354
Hambantota,7,511.00006,28.179037
Hambantota,8,533.7,27.960133
Hambantota,9,1013.6999,27.548811
Hambantota,1,1210.0001,26.188179
Jaffna,9,1038.3002,28.134762
Jaffna,8,1000.8,28.36406
Jaffna,7,560.70026,28.798618
Jaffna,6,577.89996,29.107698
Jaffna,5,1482.5988,29.36494
Jaffna,4,829.9996,29.344223
Jaffna,3,254.70009,27.987328
Jaffna,2,437.90005,26.266521
Jaffna,12,2935.6016,25.778805
Jaffna,11,4421.699,26.392136
Jaffna,10,3258.9993,27.48018
Jaffna,1,1157.4999,25.524303
Kilinochchi[1],9,670.70013,28.701193
Kilinochchi[1],7,299.40012,29.435257
Kilinochchi[1],6,260.80005,29.658657
Kilinochchi[1],5,977.3001,29.41999
Kilinochchi[1],4,725.7999,29.163988
Kilinochchi[1],3,348.60004,27.562792
Kilinochchi[1],2,730.9001,25.901176
Kilinochchi[1],12,3375.9995,25.491701
Kilinochchi[1],11,4274.7993,26.05358
Kilinochchi[1],10,2903.5005,27.44355
Kilinochchi[1],1,1819.1998,25.226889
Kilinochchi[1],8,534.4002,29.03157
Mannar,9,745.90015,28.019262
Mannar,1,1287.5995,25.612474
Mannar,10,2587.4004,27.297462
Mannar,11,3472.7993,26.249516
Mannar,12,2516.7,25.770517
Mannar,2,773.2001,26.462973
Mannar,3,412.90005,28.206665
Mannar,4,1060.3004,29.116667
Mannar,5,1260.2999,29.132679
Mannar,6,348.29996,28.87968
Mannar,7,293.5,28.538689
Mannar,8,436.69995,28.185257
Vavuniya,1,1647.6005,24.40302
Vavuniya,10,3348.6003,26.60484
Vavuniya,11,3612.499,25.233341
Vavuniya,12,2989.4995,24.668434
Vavuniya,2,851.6997,25.28208
Vavuniya,3,622.0001,27.177418
Vavuniya,9,1340.0,27.834518
Vavuniya,4,1483.6001,28.348886
Vavuniya,5,1659.4995,28.294407
Vavuniya,6,439.59988,28.685266
Vavuniya,7,695.2998,28.523499
Vavuniya,8,948.5999,28.162683
Mullaitivu,1,1971.1003,25.591824
Mullaitivu,10,3073.7017,27.411291
Mullaitivu,11,4395.3,26.194279
Mullaitivu,12,3768.4001,25.750452
Mullaitivu,2,1038.6998,26.132778
Mullaitivu,3,438.3001,27.411615
Mullaitivu,4,730.50006,28.690449
Mullaitivu,5,1100.8999,29.322157
Mullaitivu,6,379.2001,29.843693
Mullaitivu,7,523.1002,29.432941
Mullaitivu,8,876.8,28.971657
Mullaitivu,9,1051.4999,28.641657
Batticaloa,9,1514.2,28.404285
Batticaloa,8,841.6005,29.216814
Batticaloa,7,621.70044,29.613361
Batticaloa,6,630.8997,29.740664
Batticaloa,5,1453.5992,28.95334
Batticaloa,4,1061.4001,28.312233
Batticaloa,3,1042.8997,27.10902
Batticaloa,2,1734.3992,25.974997
Batticaloa,12,4886.799,25.577663
Batticaloa,11,3952.198,26.054283
Batticaloa,10,3432.101,27.211754
Batticaloa,1,3030.5,25.424955
Ampara,1,2913.9998,24.817417
Ampara,10,3768.5999,27.042854
Ampara,11,4281.199,25.712141
Ampara,12,4490.398,25.108078
Ampara,2,1673.6996,25.36298
Ampara,3,1164.0,26.573769
Ampara,4,1322.5992,27.751337
Ampara,5,1710.7002,28.562578
Ampara,6,782.5003,29.27686
Ampara,7,800.4001,29.37512
Ampara,8,1083.3999,29.092869
Ampara,9,1568.5992,28.36977
Trincomalee,1,2521.9998,25.610306
Trincomalee,10,3384.9985,27.353695
Trincomalee,11,4389.999,26.163816
Trincomalee,12,4328.1025,25.753454
Trincomalee,2,1335.4998,26.200235
Trincomalee,3,674.4002,27.41527
Trincomalee,4,825.9998,28.662443
Trincomalee,5,1255.2993,29.215918
Trincomalee,6,355.70007,29.66519
Trincomalee,7,579.79987,29.299082
Trincomalee,8,827.89996,28.906904
Trincomalee,9,1122.7001,28.530716
Kurunegala,9,2435.3997,25.445004
Kurunegala,8,2263.5999,25.652058
Kurunegala,7,2018.3999,25.795155
Kurunegala,6,2212.6,25.910526
Kurunegala,5,3617.8003,26.484518
Kurunegala,4,2737.7988,27.159552
Kurunegala,3,1040.1993,27.54172
Kurunegala,2,842.0003,26.07617
Kurunegala,12,2680.499,24.790335
Kurunegala,11,4200.7,24.963093
Kurunegala,10,5473.603,25.231796
Kurunegala,1,1214.9995,24.999348
Puttalam,1,1014.5001,25.578476
Puttalam,9,1869.1,27.055233
Puttalam,8,1277.9996,27.26153
Puttalam,7,987.79987,27.472109
Puttalam,6,1644.2998,27.683655
Puttalam,5,3108.8994,28.042572
Puttalam,4,2029.1002,28.070448
Puttalam,3,909.49963,27.826237
Puttalam,2,742.30005,26.520988
Puttalam,12,2499.9988,25.737316
Puttalam,11,3995.3984,26.058105
Puttalam,10,4265.4004,26.651854
Anuradhapura,1,1552.8998,24.57032
Anuradhapura,10,3516.4006,26.373285
Anuradhapura,11,3827.3015,25.342625
Anuradhapura,12,2932.1987,24.835016
Anuradhapura,2,1043.0995,25.519344
Anuradhapura,3,776.6996,27.414429
Anuradhapura,4,1728.5992,28.139324
Anuradhapura,5,2030.6,27.7628
Anuradhapura,6,600.90027,27.734112
Anuradhapura,7,646.7,27.810602
Anuradhapura,8,927.6997,27.580404
Anuradhapura,9,1371.2002,27.207155
Polonnaruwa,9,964.80023,28.633558
Polonnaruwa,8,505.10004,28.991922
Polonnaruwa,7,432.0999,29.13272
Polonnaruwa,6,257.70004,29.319145
Polonnaruwa,5,1694.7001,28.819353
Polonnaruwa,4,1471.2999,28.346222
Polonnaruwa,3,1013.29974,26.896988
Polonnaruwa,2,1464.0994,25.260143
Polonnaruwa,12,3953.499,24.906454
Polonnaruwa,11,4090.4006,25.54714
Polonnaruwa,10,3286.2998,27.173729
Polonnaruwa,1,2426.1995,24.579573
Badulla,3,1491.1997,22.80344
Badulla,9,1811.9,24.391665
Badulla,8,1195.1001,24.974651
Badulla,7,941.59973,25.167055
Badulla,6,1084.4996,25.06893
Badulla,5,2293.0,24.689682
Badulla,4,2588.7996,23.79799
Badulla,2,1894.5002,21.553774
Badulla,12,4440.6006,21.496544
Badulla,11,4778.1,22.139513
Badulla,10,4222.699,23.415436
Badulla,1,3014.901,20.943872
Moneragala,8,1036.2994,28.031109
Moneragala,9,1389.0996,27.466673
Moneragala,1,2342.5002,24.28517
Moneragala,10,4158.3984,26.174194
Moneragala,11,4654.0005,24.791195
Moneragala,12,4091.0012,24.370731
Moneragala,2,1473.2996,24.856125
Moneragala,3,1392.2002,25.959126
Moneragala,4,2133.7996,26.658894
Moneragala,5,2028.4999,27.326653
Moneragala,6,793.19995,28.208645
Moneragala,7,863.0997,28.235018
Ratnapura,1,2139.4006,24.98945
Ratnapura,9,5834.5005,24.914534
Ratnapura,8,5311.7007,25.011747
Ratnapura,7,4724.5,25.20875
Ratnapura,6,5271.4,25.410753
Ratnapura,5,7483.601,25.88838
Ratnapura,4,4172.5996,26.220905
Ratnapura,3,2410.3997,26.187527
Ratnapura,2,2060.4998,25.620296
Ratnapura,12,3936.8,24.744461
Ratnapura,11,6167.7983,24.82906
Ratnapura,10,7021.8003,24.893332
Kegalle,9,3118.2998,24.771421
Kegalle,1,1460.2996,24.820438
Kegalle,10,5718.1,24.605066
Kegalle,11,4870.299,24.453104
Kegalle,12,2818.5994,24.386642
Kegalle,2,1074.9003,25.949526
Kegalle,3,1382.7997,26.920218
Kegalle,4,2762.6,26.445324
Kegalle,5,4098.3003,25.86838
Kegalle,6,3036.5005,25.260502
Kegalle,7,2886.5002,25.121883
Kegalle,8,3124.3,24.946096
Welimada,8,1879.4005,22.452547
Welimada,9,2473.4988,22.009285
Welimada,1,2562.1,19.121939
Welimada,10,4940.1,21.21981
Welimada,11,4765.2017,20.19977
Welimada,12,4065.4985,19.640326
Welimada,2,1876.7991,19.636549
Welimada,3,1509.6996,20.720865
Welimada,4,2823.0005,21.512003
Welimada,5,2724.3997,22.432884
Welimada,6,1491.6991,22.69065
Welimada,7,1605.0995,22.693544
Bandarawela,10,5308.798,20.445166
Bandarawela,11,4841.403,19.681429
Bandarawela,12,3731.6992,19.27396
Bandarawela,2,1604.2,19.417683
Bandarawela,3,1553.7004,20.398935
Bandarawela,4,2978.7007,20.917553
Bandarawela,5,2893.7007,21.501709
Bandarawela,6,1714.3,21.697668
Bandarawela,7,1774.8995,21.699541
Bandarawela,8,2013.1997,21.442396
Bandarawela,9,2799.9993,21.019535
Bandarawela,1,2248.801,18.87829
